{"stats":{"minecraft:used":{"minecraft:oak_log":49,"minecraft:wheat_seeds":5,"minecraft:oak_fence":36,"minecraft:water_bucket":1,"minecraft:diamond_pickaxe":16,"minecraft:grass_block":13,"minecraft:lantern":6,"realistictorches:lit_torch":7,"minecraft:oak_stairs":12,"minecraft:pig_spawn_egg":2,"minecraft:oak_planks":30,"minecraft:stone_button":8,"tconstruct:part_chest":1,"tconstruct:tinker_station":1,"minecraft:chest":1,"minecraft:stone":2,"minecraft:sheep_spawn_egg":1,"minecraft:farmland":13,"minecraft:torch":30,"minecraft:dirt":3,"minecraft:cobblestone":12,"minecraft:oak_slab":38,"minecraft:crafting_table":1,"minecraft:oak_sapling":3,"tconstruct:crafting_station":1,"minecraft:carrot":2,"minecraft:acacia_sapling":1,"torchmaster:megatorch":2,"tconstruct:part_builder":1,"realistictorches:unlit_torch":1,"minecraft:bone_meal":45},"minecraft:custom":{"minecraft:time_since_rest":498414,"minecraft:walk_one_cm":43335,"minecraft:interact_with_crafting_table":10,"minecraft:fly_one_cm":48801,"minecraft:open_chest":1,"minecraft:crouch_one_cm":230,"minecraft:play_one_minute":498414,"minecraft:sneak_time":684,"minecraft:jump":59,"minecraft:walk_on_water_one_cm":451,"minecraft:leave_game":4,"minecraft:time_since_death":498414,"minecraft:climb_one_cm":2552,"minecraft:fall_one_cm":604},"minecraft:picked_up":{"minecraft:stick":5,"minecraft:andesite":56,"minecraft:diorite":9,"minecraft:stone_bricks":3,"realistictorches:unlit_torch":1,"minecraft:oak_sapling":1,"mekanism:osmium_ore":1,"minecraft:coal":16,"minecraft:cobblestone":191},"minecraft:crafted":{"tconstruct:hand_axe":1,"tconstruct:tinker_station":1,"tconstruct:pickaxe":2,"tconstruct:pattern":15,"minecraft:oak_planks":48,"minecraft:diamond_leggings":1,"minecraft:diamond_sword":1,"minecraft:diamond_helmet":1,"tconstruct:part_builder":1,"minecraft:diamond_pickaxe":1,"minecraft:crafting_table":1,"tconstruct:crafting_station":1,"minecraft:stick":16,"tconstruct:part_chest":1,"realistictorches:unlit_torch":16,"minecraft:chest":2,"minecraft:diamond_boots":1,"tconstruct:tool_handle":3,"tconstruct:small_axe_head":1,"tconstruct:tool_binding":3,"tconstruct:pickaxe_head":1,"minecraft:diamond_chestplate":1},"minecraft:mined":{"realistictorches:torch":1,"mekanism:osmium_ore":1,"minecraft:andesite":56,"minecraft:coal_ore":16,"minecraft:stone":191,"minecraft:stone_bricks":3,"minecraft:diorite":9}},"DataVersion":2586}