{"stats":{"minecraft:picked_up":{"minecraft:stick":5,"minecraft:oak_sapling":1},"minecraft:crafted":{"minecraft:diamond_boots":1,"minecraft:oak_planks":8,"minecraft:diamond_sword":1,"minecraft:diamond_helmet":1,"minecraft:diamond_leggings":1,"minecraft:diamond_pickaxe":1,"minecraft:crafting_table":1,"minecraft:stick":8,"minecraft:diamond_chestplate":1},"minecraft:custom":{"minecraft:time_since_rest":399695,"minecraft:play_one_minute":399695,"minecraft:crouch_one_cm":225,"minecraft:walk_one_cm":23696,"minecraft:sneak_time":667,"minecraft:jump":22,"minecraft:leave_game":3,"minecraft:time_since_death":399695,"minecraft:climb_one_cm":1064,"minecraft:interact_with_crafting_table":2,"minecraft:fly_one_cm":41513},"minecraft:used":{"minecraft:oak_log":49,"minecraft:farmland":13,"minecraft:oak_fence":36,"minecraft:torch":28,"minecraft:water_bucket":1,"minecraft:dirt":3,"minecraft:cobblestone":12,"minecraft:oak_stairs":12,"realistictorches:lit_torch":5,"minecraft:oak_slab":38,"minecraft:lantern":6,"minecraft:crafting_table":1,"minecraft:oak_sapling":3,"minecraft:grass_block":13,"minecraft:oak_planks":30,"minecraft:carrot":2,"minecraft:pig_spawn_egg":2,"minecraft:stone_button":8,"minecraft:acacia_sapling":1,"torchmaster:megatorch":2,"minecraft:bone_meal":45,"minecraft:sheep_spawn_egg":1,"minecraft:wheat_seeds":5}},"DataVersion":2586}